{"mtx": [[286.71469312178044, 0.0, 316.9925488921773], [0.0, 383.2221537522858, 206.62347762827878], [0.0, 0.0, 1.0]], "dist": [[-0.25894229675073394, 0.07570608009984289, 7.078987837601236e-05, -2.271220076239573e-05, -0.010196139812036596]]}