{"mtx": [[286.96242885678896, 0.0, 318.64041082328777], [0.0, 382.54621083475985, 223.7222973061012], [0.0, 0.0, 1.0]], "dist": [[-0.25620317177036167, 0.0724094638087482, -0.00014281107797667946, -0.00018817820716845624, -0.009308995350937686]]}