{
  "x" : 0.091422,
  "y" : 0.024722,
  "z" : 0.055073
}