{
  "translation":
  {
    "x": 0.091422,
    "y": 0.024722,
    "z": 0.055073
  },
  "rotation":
  {
    "lemniscate":
    {
      "r": 0.0,
      "p": 0.69813,
      "y": 0.0
    },
    "ellipse":
    {
      "r": 0.0,
      "p": 0.87266,
      "y": 0.0
    },
    "trackRATM":
    {
      "r": 0.0,
      "p": 0.87266,
      "y": 0.0
    }
  }
}
