{
  "translation":
  {
    "x": 0.091422,
    "y": 0.024722,
    "z": 0.055073
  },
  "rotation":
  {
    "lemniscate":
    {
      "w": 0.6408564,
      "x": -0.2988362,
      "y": 0.2988362,
      "z": -0.6408564
    },
    "ellipse":
    {
      "w": 0.664463,
      "x": -0.2418448,
      "y": 0.2418448,
      "z": -0.664463
    },
    "trackRATM":
    {
      "w": 0.664463,
      "x": -0.2418448,
      "y": 0.2418448,
      "z": -0.664463
    }
  }
}
