{"mtx": [[289.8846763939774, 0.0, 316.58338771731684], [0.0, 387.06227498911073, 241.86918974530997], [0.0, 0.0, 1.0]], "dist": [[-0.28145280823630314, 0.1091225266070853, 0.00018240521552769957, 6.785645205189456e-05, -0.023250148744302514]]}